{
  "geometry_analysis": {
    "type": "torus",
    "bbox_size": [
      21.278419494628906,
      21.789819717407227,
      28.05145263671875
    ],
    "aspect_ratios": [
      0.7585496469717904,
      0.7767804398437755,
      1.0
    ]
  },
  "total_colliders": 6
}